{"cameraMode":{"drawMode":0,"name":"Shaded","section":"Shading Mode"},"sceneLighting":true,"audioPlay":false,"sceneViewState":{"showFog":true,"showMaterialUpdate":false,"showSkybox":false,"showFlares":true,"showImageEffects":true,"showParticleSystems":true},"in2DMode":false,"pivot":{"x":409.1815185546875,"y":44.75688552856445,"z":405.2576904296875},"rotation":{"x":-0.20670267939567567,"y":-0.1371363252401352,"z":0.029269395396113397,"w":-0.9683141708374023},"size":0.8660253882408142,"orthographic":false}